
-- =============================================
-- DATA INSERTION
-- =============================================

-- Insert semesters data
INSERT INTO public.semesters (id, title, description, section, has_midterm, has_final, start_date, end_date, default_credits, is_active, created_at, updated_at) VALUES
('02ef47eb-1cc7-4081-9e33-2045b24c7bdd', 'Summer 2025', null, '63_E', false, true, null, null, 3, false, '2025-08-22 20:50:53.82264+00', '2025-08-25 19:31:49.941896+00'),
('730ce4bf-36a9-46b7-9ef7-0c90007ee2d0', 'Summer 2025', null, '63_G', false, true, null, null, 3, true, '2025-08-22 17:48:27.755441+00', '2025-08-28 16:37:35.422991+00');

-- Insert courses data
INSERT INTO public.courses (id, title, course_code, teacher_name, teacher_email, description, credits, semester_id, is_active, created_at, updated_at, is_highlighted) VALUES
('3f7f960d-4828-43f2-9509-5a3dadb7eb63', 'Software Engineering', 'CSE333', 'Rimi Akter', null, null, 3, '02ef47eb-1cc7-4081-9e33-2045b24c7bdd', true, '2025-08-22 20:50:54.707105+00', '2025-08-24 17:14:29.752859+00', false),
('568581a5-73ab-4609-9cbd-c66f9efb8232', 'Data Mining and Machine Learning', 'CSE325', 'Dr. Md Alamgir Kabir', null, null, 3, '02ef47eb-1cc7-4081-9e33-2045b24c7bdd', true, '2025-08-22 20:51:06.538379+00', '2025-08-24 17:14:42.787413+00', false),
('31a0cbd2-36d4-4ff8-b7ba-7865ad944d03', 'Artificial Intelligence', 'CSE411', 'Md Assaduzzaman', null, null, 3, '02ef47eb-1cc7-4081-9e33-2045b24c7bdd', true, '2025-08-22 20:51:06.841613+00', '2025-08-24 17:14:43.623491+00', false),
('213f9d74-ffd4-4692-9611-4bc893fe967c', 'Information Security', 'CSE423', 'Dewan Ashiquzzaman', null, null, 3, '02ef47eb-1cc7-4081-9e33-2045b24c7bdd', true, '2025-08-22 20:51:07.68311+00', '2025-08-24 17:14:44.886299+00', false),
('029336e7-8af0-4fab-af85-a18e040252fb', 'Software Engineering', 'CSE333', 'Md. Ali Hossain', null, null, 3, '730ce4bf-36a9-46b7-9ef7-0c90007ee2d0', true, '2025-08-22 17:48:28.246488+00', '2025-08-28 16:37:36.989093+00', false),
('929c7f6d-4668-4d3d-9e32-935282a402c9', 'Artificial Intelligence', 'CSE411', 'Md Assaduzzaman', null, null, 3, '730ce4bf-36a9-46b7-9ef7-0c90007ee2d0', true, '2025-08-24 06:02:58.868111+00', '2025-08-28 16:37:51.64517+00', false),
('a9907843-ae95-415a-a25b-a97f713c3c31', 'Data Mining and Machine Learning', 'CSE325', 'Samia Nawshin', null, null, 3, '730ce4bf-36a9-46b7-9ef7-0c90007ee2d0', true, '2025-08-26 11:04:04.094809+00', '2025-08-28 16:38:02.490077+00', true),
('6bab45b8-54ad-4c71-9cd1-d18b35439a53', 'Information Security', 'CSE423', 'Fahim Ahsan', null, null, 3, '730ce4bf-36a9-46b7-9ef7-0c90007ee2d0', true, '2025-08-28 15:32:21.734498+00', '2025-08-28 16:38:13.824298+00', false);

-- Insert study_tools data
INSERT INTO public.study_tools (id, title, description, type, content_url, course_id, exam_type, file_size_mb, file_format, academic_year, is_downloadable, download_count, created_at, updated_at) VALUES
('c0e23d95-5b3d-4ba7-8ee8-4bc91b41b0e3', 'Al Spring_25 - Final question', null, 'previous_questions', 'https://drive.google.com/file/d/1B-f4CKpbhpjQFy6H43tHwAHVdJZVXNic/view?usp=drive_link', '929c7f6d-4668-4d3d-9e32-935282a402c9', 'final', null, null, null, true, 0, '2025-08-28 16:38:02.219993+00', '2025-08-28 16:38:02.219993+00'),
('1c3020cb-c546-4445-a358-75366e4537ba', 'Spring_22, Fall_22 - Final Question', null, 'previous_questions', 'https://drive.google.com/file/d/1P4kUCHplNSV2KGpNXlYIXIZdn24b-zJF/view?usp=drive_link', '929c7f6d-4668-4d3d-9e32-935282a402c9', 'final', null, null, null, true, 0, '2025-08-28 16:38:02.219993+00', '2025-08-28 16:38:02.219993+00'),
('3e9be87d-6e3a-446d-9da3-4773a41c3cc9', 'Fall_23 - Final Question', null, 'previous_questions', 'https://drive.google.com/file/d/1ng6Hevw-gk3_57xsvIqpvU6l94IrPIRy/view?usp=drive_link', '929c7f6d-4668-4d3d-9e32-935282a402c9', 'final', null, null, null, true, 0, '2025-08-28 16:38:02.219993+00', '2025-08-28 16:38:02.219993+00'),
('e91bdbae-bed8-42ed-966e-25b760020ff3', 'AI Notes- by Bishal', null, 'exam_note', 'https://drive.google.com/file/d/1moY182_quZ7QDRyV-r8OPwlUM0QdW8tx/view?usp=drive_link', '929c7f6d-4668-4d3d-9e32-935282a402c9', 'final', null, null, null, true, 0, '2025-08-28 16:38:02.219993+00', '2025-08-28 16:38:02.219993+00'),
('65125b7b-ee6a-4083-af87-80491c1ac50b', 'Syllabus', 'Artificial Intelligence\n1. Game Playing [Greedy search, minimax search, deeper search, Alpha-beta pruning]\n2. Logical Agents [Knowledge Base, General logic, truth table, entailment]\n3. Uncertainty [uncertainty theory, Kolmogorov''s Axioms of Probability, joint probability, Inference by Enumeration, Bayes theorem]\n4.  Natural Language Processing [Formal Grammar, Chomsky Hierarchy]\n5. Threshold Logic and Perceptron [Threshold Logic, Perceptron, Computational limits]', 'syllabus', null, '929c7f6d-4668-4d3d-9e32-935282a402c9', 'final', null, null, null, true, 0, '2025-08-28 16:38:02.219993+00', '2025-08-28 16:38:02.219993+00'),
('108ade0e-1991-4dae-97de-9cdfa85ee0e5', 'Mark distribution', 'Game Playing - 10\nLogical Agent - 10 \nUncertainty - 5\nNLP - 8\nPerception and threshold logic - 7', 'syllabus', null, '929c7f6d-4668-4d3d-9e32-935282a402c9', 'final', null, null, null, true, 0, '2025-08-28 16:38:02.219993+00', '2025-08-28 16:38:02.219993+00'),
('287a6a76-8ff0-4203-93b9-f0f3401b85eb', 'Object Oriented Model', null, 'exam_note', 'https://youtu.be/nHb8OFURiQM?si=pIos1U5fbh3j7Tec', '3f7f960d-4828-43f2-9509-5a3dadb7eb63', 'final', null, null, null, true, 0, '2025-08-24 17:14:42.054739+00', '2025-08-24 17:14:42.054739+00'),
('4c5cee24-46e3-4638-a1e3-c27fb0d182e1', 'Spring 25 - Final', null, 'previous_questions', 'https://drive.google.com/file/d/1Xsh-akgCf2rx5yItEYMdEHBT-va7Rqni/view?usp=sharing', '029336e7-8af0-4fab-af85-a18e040252fb', 'final', null, null, null, true, 0, '2025-08-28 16:37:50.899989+00', '2025-08-28 16:37:50.899989+00'),
('70e799c2-40f3-48ef-a175-37c40e80dfb2', 'DMML_All_Final_Questions', null, 'previous_questions', 'https://drive.google.com/file/d/1wCdhoxE9MMneQ5Na0l_0nZlQoP-J1z9U/view?usp=drive_link', 'a9907843-ae95-415a-a25b-a97f713c3c31', 'final', null, null, null, true, 0, '2025-08-28 16:38:13.543482+00', '2025-08-28 16:38:13.543482+00'),
('23ddff05-9850-4e08-8095-0be33643ca04', 'DM & ML note upto Final by Bishal', null, 'exam_note', 'https://drive.google.com/file/d/1ccfQfk_WS8n-zndvuOS8jV03zCA6Q8nT/view?usp=drive_link', 'a9907843-ae95-415a-a25b-a97f713c3c31', 'final', null, null, null, true, 0, '2025-08-28 16:38:13.543482+00', '2025-08-28 16:38:13.543482+00'),
('b58d18b8-449c-47f7-900b-124f41f49253', 'Syllabus', '1. Performance Analysis (Mid )\n2. Decision Tree\n3. K-Means Clustering\n4. Association Rule Mining (Theory)\n5. Association Rule Mining (Apriori & FP-Growth)\n6. DB SCAN\n7. Artificial Neural Networks (ANN)', 'syllabus', null, 'a9907843-ae95-415a-a25b-a97f713c3c31', 'final', null, null, null, true, 0, '2025-08-28 16:38:13.543482+00', '2025-08-28 16:38:13.543482+00'),
('c7eb5ccf-b4aa-4fa6-b8f4-b44671cd0a8f', 'Spring 25 - Final.pdf', null, 'previous_questions', 'https://drive.google.com/file/d/1XO8wkK34pbCshrpUz8Rc2XZSX0Hwmq-O/view?usp=drive_link', '6bab45b8-54ad-4c71-9cd1-d18b35439a53', 'final', null, null, null, true, 0, '2025-08-28 16:38:22.201041+00', '2025-08-28 16:38:22.201041+00'),
('06190a3f-5c7d-411a-b193-3a62d84a196a', 'Spring 23 - Final.pdf', null, 'previous_questions', 'https://drive.google.com/file/d/1oiAbavnGKOk-UOUPDRWB3gjdEeoX-THf/view?usp=drive_link', '6bab45b8-54ad-4c71-9cd1-d18b35439a53', 'final', null, null, null, true, 0, '2025-08-28 16:38:22.201041+00', '2025-08-28 16:38:22.201041+00'),
('57ca7e33-757d-416a-bcd0-00e269edf799', 'Fall 24 - Final.pdf', null, 'previous_questions', 'https://drive.google.com/file/d/1nMTiGzLoJfo3409yjMC5FwaMKdT-6RjF/view?usp=drive_link', '6bab45b8-54ad-4c71-9cd1-d18b35439a53', 'final', null, null, null, true, 0, '2025-08-28 16:38:22.201041+00', '2025-08-28 16:38:22.201041+00');

-- Insert topics data (Part 1)
INSERT INTO public.topics (id, title, description, course_id, order_index, estimated_duration_minutes, difficulty_level, is_published, created_at, updated_at) VALUES
('38a6c7b5-dbf8-47b2-a12f-dc4d8a8052a3', 'Ch-7: Object-Oriented Modelling', null, '029336e7-8af0-4fab-af85-a18e040252fb', 0, null, null, true, '2025-08-22 17:48:29.087756+00', '2025-08-28 16:37:38.040766+00'),
('84696fdb-beb6-4496-ad7d-6621db01903b', 'Ch-8: Business Process Model', null, '029336e7-8af0-4fab-af85-a18e040252fb', 1, null, null, true, '2025-08-22 17:48:29.910076+00', '2025-08-28 16:37:40.210846+00'),
('9408afc3-abe7-4917-9e6d-4d8c1c7421e5', 'Ch-9: Software Testing Strategies', null, '029336e7-8af0-4fab-af85-a18e040252fb', 2, null, null, true, '2025-08-22 17:48:30.253942+00', '2025-08-28 16:37:42.301702+00'),
('fcd9ec09-1aa8-4c96-8de2-3e232c82736a', 'Ch-10: Software Maintenance and Maintenance Process Model', null, '029336e7-8af0-4fab-af85-a18e040252fb', 3, null, null, true, '2025-08-22 17:48:30.575465+00', '2025-08-28 16:37:44.059485+00'),
('cbbff283-5f68-45ae-b20f-c972ee7e6511', 'Security risk management', null, '6bab45b8-54ad-4c71-9cd1-d18b35439a53', 0, null, null, true, '2025-08-28 15:32:22.34937+00', '2025-08-28 16:38:14.371579+00'),
('01ec51d0-3cde-4330-8854-5b73d78b9e1b', 'Incident response and management', null, '6bab45b8-54ad-4c71-9cd1-d18b35439a53', 1, null, null, true, '2025-08-28 15:32:22.896499+00', '2025-08-28 16:38:14.890429+00'),
('7af7923a-6871-4f9c-8f9d-1bea7ded035f', 'Compliance and Intellectual properties', null, '6bab45b8-54ad-4c71-9cd1-d18b35439a53', 2, null, null, true, '2025-08-28 15:32:24.673641+00', '2025-08-28 16:38:16.185224+00'),
('46e5c8d8-8945-4fa1-980a-bab3596a509e', 'AI, ML in Information security', null, '6bab45b8-54ad-4c71-9cd1-d18b35439a53', 3, null, null, true, '2025-08-28 15:32:26.419335+00', '2025-08-28 16:38:16.987787+00'),
('1802a2b2-3ca1-42b8-98c0-a0de0398c741', 'Personal device security', null, '6bab45b8-54ad-4c71-9cd1-d18b35439a53', 4, null, null, true, '2025-08-28 15:32:27.725189+00', '2025-08-28 16:38:18.261935+00'),
('f292f91a-8d65-4985-82c0-9abbc3b4da90', 'Introduction to Cryptography', null, '6bab45b8-54ad-4c71-9cd1-d18b35439a53', 5, null, null, true, '2025-08-28 15:32:29.531466+00', '2025-08-28 16:38:19.064665+00'),
('be783b6d-eed6-4ae6-bf5a-9a52da01de72', 'Introduction to Blockchain and its Applications', null, '6bab45b8-54ad-4c71-9cd1-d18b35439a53', 6, null, null, true, '2025-08-28 15:32:30.543962+00', '2025-08-28 16:38:19.854743+00'),
('f9a1463f-5cda-4d47-b5fd-3889431534f8', 'Cyber Law in Bangladesh', null, '6bab45b8-54ad-4c71-9cd1-d18b35439a53', 7, null, null, true, '2025-08-28 15:32:31.600462+00', '2025-08-28 16:38:20.649005+00'),
('00baf3df-d6a1-457f-a4a0-62bb20a998d1', 'Object Oriented Modeling', null, '3f7f960d-4828-43f2-9509-5a3dadb7eb63', 0, null, null, true, '2025-08-22 20:50:55.498628+00', '2025-08-24 17:14:31.24719+00'),
('5e1bd0da-35fd-4fcd-87a3-e23c6acc568a', 'Business Process Modeling(BPM)', null, '3f7f960d-4828-43f2-9509-5a3dadb7eb63', 1, null, null, true, '2025-08-22 20:50:57.10491+00', '2025-08-24 17:14:32.286287+00'),
('2d6e122c-c8eb-494e-9171-0a91ac450636', 'Software Maintenance and Maintenance Process Model', null, '3f7f960d-4828-43f2-9509-5a3dadb7eb63', 2, null, null, true, '2025-08-22 20:50:58.735457+00', '2025-08-24 17:14:33.777869+00'),
('2c97a2ff-7f9c-48c9-815e-f5e66dae3cfb', 'Software Maintenance and Maintenance Process Model', null, '3f7f960d-4828-43f2-9509-5a3dadb7eb63', 3, null, null, true, '2025-08-22 20:50:59.812976+00', '2025-08-24 17:14:35.298292+00'),
('cb897a47-ff78-4a2f-853c-c8d09058e43b', 'COCOMO Model', null, '3f7f960d-4828-43f2-9509-5a3dadb7eb63', 4, null, null, true, '2025-08-22 20:51:01.451119+00', '2025-08-24 17:14:36.815906+00'),
('8e3700f1-d43a-41cb-9f42-b0a0c1177658', 'Software Quality Assurance and Management', null, '3f7f960d-4828-43f2-9509-5a3dadb7eb63', 5, null, null, true, '2025-08-22 20:51:03.054091+00', '2025-08-24 17:14:38.298132+00'),
('7f0f745b-09be-4402-ab57-6104e99221a2', 'Ethical, Security Issue in Software Engineering', null, '3f7f960d-4828-43f2-9509-5a3dadb7eb63', 6, null, null, true, '2025-08-22 20:51:04.59876+00', '2025-08-24 17:14:39.801499+00'),
('494bf54a-43d8-4b8b-95c9-58ef10ff3be6', 'Ch-11: COCOMO Model', null, '029336e7-8af0-4fab-af85-a18e040252fb', 4, null, null, true, '2025-08-22 17:48:31.405455+00', '2025-08-28 16:37:45.794325+00'),
('e407a439-3a6b-4614-9ad1-1b75d5399d19', 'Ch-12: Software Quality Assurance and Management', null, '029336e7-8af0-4fab-af85-a18e040252fb', 5, null, null, true, '2025-08-22 17:48:31.741326+00', '2025-08-28 16:37:47.069732+00'),
('4337f7e8-df24-49dc-9984-cb3d7b25b918', 'Ch-13 Ethical Security Issues in Software Engineering', 'nk', '029336e7-8af0-4fab-af85-a18e040252fb', 6, null, null, true, '2025-08-22 17:48:32.053309+00', '2025-08-28 16:37:49.340467+00');

-- Insert topics data (Part 2)
INSERT INTO public.topics (id, title, description, course_id, order_index, estimated_duration_minutes, difficulty_level, is_published, created_at, updated_at) VALUES
('c48a8bca-1333-4b62-919c-e2e5f644662c', 'Game Playing', '[Greedy search, minimax search, deeper search, Alpha-beta pruning]', '929c7f6d-4668-4d3d-9e32-935282a402c9', 0, null, null, true, '2025-08-24 06:02:59.921275+00', '2025-08-28 16:37:52.649486+00'),
('8b708ee7-b942-4bb1-85d8-7c6d1437a509', ' Logical Agents', '[Knowledge Base, General logic, truth table, entailment]', '929c7f6d-4668-4d3d-9e32-935282a402c9', 1, null, null, true, '2025-08-24 06:03:01.699658+00', '2025-08-28 16:37:55.123762+00'),
('2545080b-63de-4f81-8f30-07ddf2b40877', 'Uncertainty', ' [uncertainty theory, Kolmogorov''s Axioms of Probability, joint probability, ', '929c7f6d-4668-4d3d-9e32-935282a402c9', 2, null, null, true, '2025-08-24 06:03:03.033789+00', '2025-08-28 16:37:56.648178+00'),
('181f82a3-49ff-44d2-9049-0e9c7d901a2a', 'Natural Language Processing', '[Formal Grammar, Chomsky Hierarchy]\n', '929c7f6d-4668-4d3d-9e32-935282a402c9', 3, null, null, true, '2025-08-24 06:03:04.732421+00', '2025-08-28 16:37:59.152173+00'),
('7e136f33-553f-4087-9351-041d6c0262e8', 'Threshold Logic and Perceptron', '[Threshold Logic, Perceptron, Computational limits]', '929c7f6d-4668-4d3d-9e32-935282a402c9', 4, null, null, true, '2025-08-24 06:03:06.002617+00', '2025-08-28 16:38:00.657715+00'),
('0a1ca150-7385-4c64-afdd-cf558702ede2', 'Performance Analysis', null, 'a9907843-ae95-415a-a25b-a97f713c3c31', 0, null, null, true, '2025-08-26 11:04:05.22508+00', '2025-08-28 16:38:03.48317+00'),
('1c5a3ada-607a-49c5-b83e-3f47942bea4b', 'Decision Tree', null, 'a9907843-ae95-415a-a25b-a97f713c3c31', 1, null, null, true, '2025-08-26 11:04:06.581421+00', '2025-08-28 16:38:04.758838+00'),
('e8f34705-34cb-470a-b76e-0ace189483f8', 'K-Means Clustering', null, 'a9907843-ae95-415a-a25b-a97f713c3c31', 2, null, null, true, '2025-08-26 11:04:07.471815+00', '2025-08-28 16:38:05.847435+00'),
('27211cb1-3299-4245-856e-3068389bf0f7', 'Association Rule Mining (Theory)', null, 'a9907843-ae95-415a-a25b-a97f713c3c31', 3, null, null, true, '2025-08-26 11:04:08.840508+00', '2025-08-28 16:38:08.285443+00'),
('1621e10e-aff7-4afc-93e3-997d2a3100c1', 'Association Rule Mining (Apriori & FP-Growth)', null, 'a9907843-ae95-415a-a25b-a97f713c3c31', 4, null, null, true, '2025-08-26 11:04:10.093395+00', '2025-08-28 16:38:09.580599+00'),
('85e21a3a-35d8-49d5-b2ed-337403445058', 'DB SCAN', null, 'a9907843-ae95-415a-a25b-a97f713c3c31', 5, null, null, true, '2025-08-26 11:04:10.959206+00', '2025-08-28 16:38:10.67987+00'),
('92f6d843-6534-40e6-a17f-87c0ffafaa05', 'Artificial Neural Networks (ANN) ', null, 'a9907843-ae95-415a-a25b-a97f713c3c31', 6, null, null, true, '2025-08-26 11:04:12.330218+00', '2025-08-28 16:38:11.752081+00');

-- Insert videos data (Part 1)
INSERT INTO public.videos (id, title, description, youtube_url, topic_id, order_index, duration_minutes, video_quality, has_subtitles, language, is_published, view_count, created_at, updated_at) VALUES
('ffd821ec-80ad-43cd-af7a-d40d32afd0a3', 'Class Diagram in UML', null, 'https://youtu.be/HuL9EMx8NQo?si=4RvfNpq1xGNKntL', '38a6c7b5-dbf8-47b2-a12f-dc4d8a8052a3', 0, null, null, false, 'en', true, 0, '2025-08-28 16:37:39.438361+00', '2025-08-28 16:37:39.438361+00'),
('dfaeadc9-c281-4668-9eca-a5387e156b79', ' BPMN tutorial in bangla', null, 'https://youtu.be/sqnF4KNpmVM', '84696fdb-beb6-4496-ad7d-6621db01903b', 0, null, null, false, 'en', true, 0, '2025-08-28 16:37:41.557574+00', '2025-08-28 16:37:41.557574+00'),
('99499622-b2c4-4f4a-bf31-0890f9321791', ' Minimax algorithm', null, 'https://youtu.be/1tqQAZVk8mY?si=n5U-wECxdo28TbJ_', 'c48a8bca-1333-4b62-919c-e2e5f644662c', 0, null, null, false, 'en', true, 0, '2025-08-28 16:37:54.860304+00', '2025-08-28 16:37:54.860304+00'),
('50e361f4-25f8-43bc-b5d9-42a5c05e704b', 'Greedy search', null, 'https://youtu.be/1bXuVpoCIf4?list=PLMW5djzR9cKPldpj8BunTOfM9PSzXQDRF', 'c48a8bca-1333-4b62-919c-e2e5f644662c', 1, null, null, false, 'en', true, 0, '2025-08-28 16:37:54.860304+00', '2025-08-28 16:37:54.860304+00'),
('40a82156-f467-4a6b-baf8-6dee087aa530', 'Alpha beta pruning bangla ', null, 'https://youtu.be/cc4UjODBKLQ?list=PLMW5djzR9cKPldpj8BunTOfM9PSzXQDRF', 'c48a8bca-1333-4b62-919c-e2e5f644662c', 2, null, null, false, 'en', true, 0, '2025-08-28 16:37:54.860304+00', '2025-08-28 16:37:54.860304+00'),
('1ac2eea9-2e33-487a-b984-105683e677df', 'Lecture - Logical Agents', null, 'https://youtu.be/lurgEHSmaR0', '8b708ee7-b942-4bb1-85d8-7c6d1437a509', 0, null, null, false, 'en', true, 0, '2025-08-28 16:37:56.390462+00', '2025-08-28 16:37:56.390462+00'),
('d2b9f4f0-ac8c-4014-9b2a-41b01b0e18d4', ' Knowledge Representation and Reasoning ', null, 'https://youtu.be/9iN3O_oL2ac', '8b708ee7-b942-4bb1-85d8-7c6d1437a509', 1, null, null, false, 'en', true, 0, '2025-08-28 16:37:56.390462+00', '2025-08-28 16:37:56.390462+00'),
('2935bb24-ba8b-4a95-aca5-bb44bec8c870', 'Propositional Logic', null, 'https://youtu.be/6490tKrGEic', '8b708ee7-b942-4bb1-85d8-7c6d1437a509', 2, null, null, false, 'en', true, 0, '2025-08-28 16:37:56.390462+00', '2025-08-28 16:37:56.390462+00'),
('2ee498b3-9ba1-4b4e-88de-af0d029ab307', 'Propositional logic- truth table ', null, 'https://youtu.be/rngglH6WXgM?list=PLMW5djzR9cKPldpj8BunTOfM9PSzXQDRF', '8b708ee7-b942-4bb1-85d8-7c6d1437a509', 3, null, null, false, 'en', true, 0, '2025-08-28 16:37:56.390462+00', '2025-08-28 16:37:56.390462+00'),
('5e0d94ae-11f9-49ff-8bb4-b88c4ab8ea65', 'Reasoning under Uncertainty', null, 'https://youtu.be/MIf5shIfsj8', '2545080b-63de-4f81-8f30-07ddf2b40877', 0, null, null, false, 'en', true, 0, '2025-08-28 16:37:58.4257+00', '2025-08-28 16:37:58.4257+00'),
('0699c512-5913-4991-a95c-da0b47413bf5', 'Bayes Theorem & Total Probability', null, 'https://youtu.be/SktJqrYereQ', '2545080b-63de-4f81-8f30-07ddf2b40877', 1, null, null, false, 'en', true, 0, '2025-08-28 16:37:58.4257+00', '2025-08-28 16:37:58.4257+00'),
('ba405abe-79e3-4078-a619-02d249225742', 'Natural Language Processing', null, 'https://youtu.be/bPpwZxasJo0', '181f82a3-49ff-44d2-9049-0e9c7d901a2a', 0, null, null, false, 'en', true, 0, '2025-08-28 16:38:00.400641+00', '2025-08-28 16:38:00.400641+00'),
('8363946d-0273-431e-81fb-586f389e1e61', 'Context Free Grammar', null, 'https://youtu.be/wIsPGUcTqXY', '181f82a3-49ff-44d2-9049-0e9c7d901a2a', 1, null, null, false, 'en', true, 0, '2025-08-28 16:38:00.400641+00', '2025-08-28 16:38:00.400641+00'),
('f92e58a7-ed68-4978-a9fd-ba87b0b98286', 'Context Free Grammar (Part-2)', null, 'https://youtu.be/d70epoqGEZI', '181f82a3-49ff-44d2-9049-0e9c7d901a2a', 2, null, null, false, 'en', true, 0, '2025-08-28 16:38:00.400641+00', '2025-08-28 16:38:00.400641+00'),
('a52ca1e0-d92c-44fc-8e17-203fe2f861b2', 'Context Free Grammar (Part-3)', null, 'https://youtu.be/8sXsYYlm3hs', '181f82a3-49ff-44d2-9049-0e9c7d901a2a', 3, null, null, false, 'en', true, 0, '2025-08-28 16:38:00.400641+00', '2025-08-28 16:38:00.400641+00'),
('3989f194-bafe-427f-bd09-962068e1be66', 'Chomsky Classification of Grammar', null, 'https://youtu.be/QlDoWR1mCHA', '181f82a3-49ff-44d2-9049-0e9c7d901a2a', 4, null, null, false, 'en', true, 0, '2025-08-28 16:38:00.400641+00', '2025-08-28 16:38:00.400641+00'),
('1ec28a0a-8cf1-47dd-9c73-65f23998d1e7', 'Chomsky Normal Form (CNF)', null, 'https://youtu.be/Xw5iXARgTXk', '181f82a3-49ff-44d2-9049-0e9c7d901a2a', 5, null, null, false, 'en', true, 0, '2025-08-28 16:38:00.400641+00', '2025-08-28 16:38:00.400641+00');

-- Insert videos data (Part 2)
INSERT INTO public.videos (id, title, description, youtube_url, topic_id, order_index, duration_minutes, video_quality, has_subtitles, language, is_published, view_count, created_at, updated_at) VALUES
('c66f0a08-393e-4e8f-b51e-cca8fafd5c57', ' Introduction to Decision Tree', null, 'https://youtu.be/mvveVcbHynE', '1c5a3ada-607a-49c5-b83e-3f47942bea4b', 0, null, null, false, 'en', true, 0, '2025-08-28 16:38:05.584511+00', '2025-08-28 16:38:05.584511+00'),
('cb259022-ed10-4d46-bc6e-dd8d80453bac', 'Decision tree Example ', null, 'https://www.youtube.com/watch?v=d4ziLu4bkss', '1c5a3ada-607a-49c5-b83e-3f47942bea4b', 1, null, null, false, 'en', true, 0, '2025-08-28 16:38:05.584511+00', '2025-08-28 16:38:05.584511+00'),
('00335f2c-685c-43d6-b6ec-a5b1ac450ebd', ' Clustering in Data Mining Explained', null, 'https://youtu.be/c8yiJq1do38', 'e8f34705-34cb-470a-b76e-0ace189483f8', 0, null, null, false, 'en', true, 0, '2025-08-28 16:38:08.024409+00', '2025-08-28 16:38:08.024409+00'),
('016dd58d-d5de-41a7-9843-ad07ec7b0635', 'K Means Solved Numerical Example', null, 'https://youtu.be/KzJORp8bgqs', 'e8f34705-34cb-470a-b76e-0ace189483f8', 1, null, null, false, 'en', true, 0, '2025-08-28 16:38:08.024409+00', '2025-08-28 16:38:08.024409+00'),
('1dfa3a3a-445d-4f45-b065-4abe9f7c54d5', 'Hierarchical Clustering', null, 'https://youtu.be/zxQF8Rmpk1M', 'e8f34705-34cb-470a-b76e-0ace189483f8', 2, null, null, false, 'en', true, 0, '2025-08-28 16:38:08.024409+00', '2025-08-28 16:38:08.024409+00'),
('a8c33911-5d10-4661-8fa8-da608c474479', 'Apriori Algorithm - Numerical Example', null, 'https://www.youtube.com/watch?v=zi_ydmbWfAs&t=2s', '1621e10e-aff7-4afc-93e3-997d2a3100c1', 0, null, null, false, 'en', true, 0, '2025-08-28 16:38:10.407665+00', '2025-08-28 16:38:10.407665+00'),
('d3f46055-d680-4fd8-bca6-a36b1128b502', '(FP) Growth Algorithm Solved Example', null, 'https://youtu.be/jCt__n9k-Uo', '1621e10e-aff7-4afc-93e3-997d2a3100c1', 1, null, null, false, 'en', true, 0, '2025-08-28 16:38:10.407665+00', '2025-08-28 16:38:10.407665+00'),
('25739067-03ba-433f-b6f3-1605de7baee8', 'DBSCAN Clustering Algorithm Example', null, 'https://youtu.be/-p354tQsKrs', '85e21a3a-35d8-49d5-b2ed-337403445058', 0, null, null, false, 'en', true, 0, '2025-08-28 16:38:11.483838+00', '2025-08-28 16:38:11.483838+00'),
('4292feba-42f6-4b1d-9bf5-bb0cc650cd03', 'Artificial Neural Networks (ANN)', null, 'https://youtu.be/YcAcK8lFk3s', '92f6d843-6534-40e6-a17f-87c0ffafaa05', 0, null, null, false, 'en', true, 0, '2025-08-28 16:38:13.004915+00', '2025-08-28 16:38:13.004915+00'),
('d0eb83bf-de80-44f2-acaa-0339cfa266b8', 'Forward Neural Network Calculation', null, 'https://youtu.be/eOtGPlAS6Yg?si=AxNFA2dAB7DlHr4q', '92f6d843-6534-40e6-a17f-87c0ffafaa05', 1, null, null, false, 'en', true, 0, '2025-08-28 16:38:13.004915+00', '2025-08-28 16:38:13.004915+00');

-- Insert slides data (Part 1)
INSERT INTO public.slides (id, title, description, google_drive_url, topic_id, order_index, file_size_mb, slide_count, is_downloadable, created_at, updated_at) VALUES
('48be40a0-9ce9-41a0-9b7e-6f075951e2c7', 'Object-Oriented Modelling', null, 'https://docs.google.com/presentation/d/1DHm7mPTDk6DqwsMN9vTw6beAVa1VPFXh/edit?usp=drive_link&ouid=105119016722351194863&rtpof=true&sd=true', '38a6c7b5-dbf8-47b2-a12f-dc4d8a8052a3', 0, null, null, true, '2025-08-28 16:37:39.132479+00', '2025-08-28 16:37:39.132479+00'),
('a4413b51-20ad-488a-84a0-d7f0aa7d69c9', 'Business Process Model', null, 'https://docs.google.com/presentation/d/1AlJlOWJQbn6diHisZqq-bq0zgd-py7B8/edit?usp=drive_link&ouid=105119016722351194863&rtpof=true&sd=true', '84696fdb-beb6-4496-ad7d-6621db01903b', 0, null, null, true, '2025-08-28 16:37:41.264422+00', '2025-08-28 16:37:41.264422+00'),
('56046a6f-68ea-4ebf-be0a-41c090fdd7c8', 'Software Testing Strategies', null, 'https://docs.google.com/presentation/d/1MQivMNrWzUmp7Hu2w0J9dp_UQ6rnB-rL/edit?usp=drive_link&ouid=105119016722351194863&rtpof=true&sd=true', '9408afc3-abe7-4917-9e6d-4d8c1c7421e5', 0, null, null, true, '2025-08-28 16:37:43.785366+00', '2025-08-28 16:37:43.785366+00'),
('4f80b047-592b-478c-9569-b9fa7d43ec71', 'Software Maintenance', null, 'https://docs.google.com/presentation/d/1hToPX4iXtPjzPeYgi3VlFWIhYDngkf6s/edit?usp=drive_link&ouid=105119016722351194863&rtpof=true&sd=true', 'fcd9ec09-1aa8-4c96-8de2-3e232c82736a', 0, null, null, true, '2025-08-28 16:37:45.058799+00', '2025-08-28 16:37:45.058799+00'),
('6d615632-8d93-46e0-aba6-7c32ed867648', 'COCOMO Model', null, 'https://docs.google.com/presentation/d/1goYpsBVwI35bk8v7tspmvJeYTitouji5/edit?usp=drive_link&ouid=105119016722351194863&rtpof=true&sd=true', '494bf54a-43d8-4b8b-95c9-58ef10ff3be6', 0, null, null, true, '2025-08-28 16:37:46.801828+00', '2025-08-28 16:37:46.801828+00'),
('761595d5-bbe7-4fff-a917-97640636bc69', 'Software Quality Assurance', null, 'https://docs.google.com/presentation/d/1lil9ru3C6cSQ4XUrQE7qtwLjS8adslh2/edit?usp=drive_link&ouid=105119016722351194863&rtpof=true&sd=true', 'e407a439-3a6b-4614-9ad1-1b75d5399d19', 0, null, null, true, '2025-08-28 16:37:48.625469+00', '2025-08-28 16:37:48.625469+00'),
('63ef24b2-2bb6-4f88-923a-6b6283682f5f', 'Ethical Security Issues', null, 'https://docs.google.com/presentation/d/1c3l-J4_PsUj89pdL6lL7chQT3w8bmKjc/edit?usp=drive_link&ouid=105119016722351194863&rtpof=true&sd=true', '4337f7e8-df24-49dc-9984-cb3d7b25b918', 0, null, null, true, '2025-08-28 16:37:49.875975+00', '2025-08-28 16:37:49.875975+00'),
('2511f9fa-089d-46ff-b80b-deed7be851b9', 'Topic - 6 (Game Playing)', null, 'https://docs.google.com/presentation/d/1Xe7TVvSUOzKULj15B4Z50ZNEA0DTaXC_/edit?usp=drive_link&ouid=105119016722351194863&rtpof=true&sd=true', 'c48a8bca-1333-4b62-919c-e2e5f644662c', 0, null, null, true, '2025-08-28 16:37:54.122209+00', '2025-08-28 16:37:54.122209+00'),
('fed5d59b-2b5d-4183-b952-9b691ed7e52d', 'Topic - 7 (Logical Agents)', null, 'https://docs.google.com/presentation/d/1CIYk0wU4x7bgeFI7oZL4RlFTlWVfYifX/edit?usp=drive_link&ouid=105119016722351194863&rtpof=true&sd=true', '8b708ee7-b942-4bb1-85d8-7c6d1437a509', 0, null, null, true, '2025-08-28 16:37:56.118108+00', '2025-08-28 16:37:56.118108+00'),
('4179209e-e866-4833-a984-7ca86a77fb21', 'Topic - 8 (Uncertainty)', null, 'https://docs.google.com/presentation/d/112qGaG9PMEvCuEHUS4z84gt9ewgvQ_cb/edit?usp=drive_link&ouid=105119016722351194863&rtpof=true&sd=true', '2545080b-63de-4f81-8f30-07ddf2b40877', 0, null, null, true, '2025-08-28 16:37:57.678234+00', '2025-08-28 16:37:57.678234+00'),
('f37bfc11-cb69-417b-aced-a2b28d69a7dd', 'Topic - 9 (Natural Language Processing)', null, 'https://docs.google.com/presentation/d/1gOvmGZ_UbRPBopTfB6matDZEyu1F6_xp/edit?usp=drive_link&ouid=105119016722351194863&rtpof=true&sd=true', '181f82a3-49ff-44d2-9049-0e9c7d901a2a', 0, null, null, true, '2025-08-28 16:38:00.147076+00', '2025-08-28 16:38:00.147076+00'),
('867790e6-ae91-448b-90d1-bc2d8f9209da', 'CNF & CFG Examples', null, 'https://drive.google.com/file/d/1r5kKhgCeNV9eOlEoNKKL5HUjCGV3nP3f/view?usp=drive_link', '181f82a3-49ff-44d2-9049-0e9c7d901a2a', 1, null, null, true, '2025-08-28 16:38:00.147076+00', '2025-08-28 16:38:00.147076+00'),
('bf11eaf3-c39f-4870-8ce5-ddad5f119f1a', 'Topic - 10B (Threshold Logic and Perceptron)', null, 'https://docs.google.com/presentation/d/1-oPaQi2bNNjo1tZiWtw5ehOlXngq6US6/edit?usp=drive_link&ouid=105119016722351194863&rtpof=true&sd=true', '7e136f33-553f-4087-9351-041d6c0262e8', 0, null, null, true, '2025-08-28 16:38:01.191735+00', '2025-08-28 16:38:01.191735+00'),
('a6de4739-a3fc-477d-8861-d88884d0b361', 'Lecturer 12 Perfromance analysis', null, 'https://docs.google.com/presentation/d/1nYj9zrnEUwefC2fuufLj-bOE6eOzHqOW/edit?usp=drive_link&ouid=105119016722351194863&rtpof=true&sd=true', '0a1ca150-7385-4c64-afdd-cf558702ede2', 0, null, null, true, '2025-08-28 16:38:04.019849+00', '2025-08-28 16:38:04.019849+00'),
('6ee3e681-5fe5-4242-b89e-f58d0cf9815c', 'Confusion matrix Note', null, 'https://drive.google.com/file/d/1AmakYa92HFlKeVPWT8v1lnf_dJ_-DfDC/view?usp=drive_link', '0a1ca150-7385-4c64-afdd-cf558702ede2', 1, null, null, true, '2025-08-28 16:38:04.019849+00', '2025-08-28 16:38:04.019849+00'),
('a279e4ca-ba7b-433d-a435-c9892264ccc7', 'Decision Tree Slide', null, 'https://docs.google.com/presentation/d/1xy7Uy_sKWHb0ym9MRbjNHp_8aUba1Vwn/edit?usp=drive_link&ouid=105119016722351194863&rtpof=true&sd=true', '1c5a3ada-607a-49c5-b83e-3f47942bea4b', 0, null, null, true, '2025-08-28 16:38:05.324083+00', '2025-08-28 16:38:05.324083+00');

-- Insert slides data (Part 2)
INSERT INTO public.slides (id, title, description, google_drive_url, topic_id, order_index, file_size_mb, slide_count, is_downloadable, created_at, updated_at) VALUES
('4a5f4349-2220-4a00-ba88-5eb99e310650', 'Decision Tree Note', null, 'https://drive.google.com/file/d/13kq_-u8AhkwRR1jbe0cGnn0eN4G1yJtm/view?usp=drive_link', '1c5a3ada-607a-49c5-b83e-3f47942bea4b', 1, null, null, true, '2025-08-28 16:38:05.324083+00', '2025-08-28 16:38:05.324083+00'),
('f97be62d-6613-4808-9d63-1b01926aef8b', 'Wk. 9.  Cluster Analysis', null, 'https://docs.google.com/presentation/d/1lknJNzeaEu2lnbZba116lDzfrkyyjRZR/edit?usp=drive_link&ouid=105119016722351194863&rtpof=true&sd=true', 'e8f34705-34cb-470a-b76e-0ace189483f8', 0, null, null, true, '2025-08-28 16:38:07.278182+00', '2025-08-28 16:38:07.278182+00'),
('82a2add3-915c-4bc0-81f9-39b988a3134d', 'K-Means Clustering Math Note', null, 'https://drive.google.com/file/d/1fOrd8WXIfE0lLs-zaJAPVLIBivB8jTMb/view?usp=drive_link', 'e8f34705-34cb-470a-b76e-0ace189483f8', 1, null, null, true, '2025-08-28 16:38:07.278182+00', '2025-08-28 16:38:07.278182+00'),
('40c9427f-ca54-478b-aa4a-b2a5d4c6b20d', 'Lecture-20 Association Rule Mining', null, 'https://docs.google.com/presentation/d/176XPdmp5feevaJW3PclHMJANa9-MkMkN/edit?usp=drive_link&ouid=105119016722351194863&rtpof=true&sd=true', '27211cb1-3299-4245-856e-3068389bf0f7', 0, null, null, true, '2025-08-28 16:38:09.310501+00', '2025-08-28 16:38:09.310501+00'),
('a950810a-dd78-4c22-bc75-b104f2841ff4', 'Wk. 10.  Association Rule Mining ', null, 'https://docs.google.com/presentation/d/1aRg-iQ9xNLBPql1syLgNU_uu5TLkRZLj/edit?usp=drive_link&ouid=105119016722351194863&rtpof=true&sd=true', '1621e10e-aff7-4afc-93e3-997d2a3100c1', 0, null, null, true, '2025-08-28 16:38:10.148701+00', '2025-08-28 16:38:10.148701+00'),
('fbb5b3ba-04d6-4ed9-8b35-d4a428da6d76', 'DB SCAN Slide', null, 'https://docs.google.com/presentation/d/1RQJVPeKA6GXeIJah0pBIOBbMr5hw7HtT/edit?usp=drive_link&ouid=105119016722351194863&rtpof=true&sd=true', '85e21a3a-35d8-49d5-b2ed-337403445058', 0, null, null, true, '2025-08-28 16:38:11.213888+00', '2025-08-28 16:38:11.213888+00'),
('0147e1cb-4bb3-46ba-bf7e-06fb6705e5f1', 'DB SCAN Math Note', null, 'https://drive.google.com/file/d/1VQFeYKS4j8HvG1a92Zub3cP-54kOeiKd/view?usp=drive_link', '85e21a3a-35d8-49d5-b2ed-337403445058', 1, null, null, true, '2025-08-28 16:38:11.213888+00', '2025-08-28 16:38:11.213888+00'),
('87838602-607d-465d-b2f4-b06b49167f24', 'Wk. 12.  Artificial Neural Networks', null, 'https://docs.google.com/presentation/d/1_fQm_rZcO0RISQO1Zv2ImLIa-E0DwyMb/edit?usp=drive_link&ouid=105119016722351194863&rtpof=true&sd=true', '92f6d843-6534-40e6-a17f-87c0ffafaa05', 0, null, null, true, '2025-08-28 16:38:12.2669+00', '2025-08-28 16:38:12.2669+00'),
('01821ed6-2f23-45a0-acb8-f2b65c6454a7', 'L12.pptx', null, 'https://docs.google.com/presentation/d/1JSOpl4wtZUUjT3lS4__g2qGYHdPsuX6_/edit?usp=drive_link&ouid=105119016722351194863&rtpof=true&sd=true', '01ec51d0-3cde-4330-8854-5b73d78b9e1b', 0, null, null, true, '2025-08-28 16:38:15.904728+00', '2025-08-28 16:38:15.904728+00'),
('5094691c-d487-4f8f-8f93-a9ebcdedebfb', 'L13.pptx', null, 'https://docs.google.com/presentation/d/1jvq1gRYjFk6UM2yPFtEhgeoPQP4W8Qq0/edit?usp=drive_link&ouid=105119016722351194863&rtpof=true&sd=true', '7af7923a-6871-4f9c-8f9d-1bea7ded035f', 0, null, null, true, '2025-08-28 16:38:16.717348+00', '2025-08-28 16:38:16.717348+00'),
('4e8c6458-7379-45e3-a58c-a96b93e44dae', 'L14.pptx', null, 'https://docs.google.com/presentation/d/16sbSY2fgjJ6kjuUbjRkJPqP8ZsFGwYh8/edit?usp=drive_link&ouid=105119016722351194863&rtpof=true&sd=true', '46e5c8d8-8945-4fa1-980a-bab3596a509e', 0, null, null, true, '2025-08-28 16:38:17.991836+00', '2025-08-28 16:38:17.991836+00'),
('41167d3f-5385-4449-b1bb-096a78412f5c', 'L15.pptx', null, 'https://docs.google.com/presentation/d/1GmrHO99tMximULvSqEi3TG26JxTp5afG/edit?usp=drive_link&ouid=105119016722351194863&rtpof=true&sd=true', '1802a2b2-3ca1-42b8-98c0-a0de0398c741', 0, null, null, true, '2025-08-28 16:38:18.797722+00', '2025-08-28 16:38:18.797722+00'),
('fc0a3281-c544-4933-90a5-04afaa2cfe47', 'L16.pptx', null, 'https://docs.google.com/presentation/d/1qDdUOZFJw0Rw_UPktO2t0ZToiIiBzMby/edit?usp=drive_link&ouid=105119016722351194863&rtpof=true&sd=true', '1802a2b2-3ca1-42b8-98c0-a0de0398c741', 1, null, null, true, '2025-08-28 16:38:18.797722+00', '2025-08-28 16:38:18.797722+00'),
('12081d4e-69c3-4a9e-b2a1-52288b78b89d', 'L17.pptx', null, 'https://docs.google.com/presentation/d/1Q3NTZKI6dztovsDKbLfq76WBMS_PLunH/edit?usp=drive_link&ouid=105119016722351194863&rtpof=true&sd=true', 'f292f91a-8d65-4985-82c0-9abbc3b4da90', 0, null, null, true, '2025-08-28 16:38:19.593752+00', '2025-08-28 16:38:19.593752+00'),
('6331b300-15d3-4f41-a48c-43204893dc35', 'L18.pptx', null, 'https://docs.google.com/presentation/d/1maVMGiOnm4SaB1LnZgIPRkMH2ZOqAg11/edit?usp=drive_link&ouid=105119016722351194863&rtpof=true&sd=true', 'be783b6d-eed6-4ae6-bf5a-9a52da01de72', 0, null, null, true, '2025-08-28 16:38:20.383947+00', '2025-08-28 16:38:20.383947+00'),
('a400d226-3f78-4df2-ab39-e19be7f4b624', 'L19.pptx', null, 'https://docs.google.com/presentation/d/1nYIJGTekMwsw-PRQf6SrjSZnVCc5dtGa/edit?usp=drive_link&ouid=105119016722351194863&rtpof=true&sd=true', 'f9a1463f-5cda-4d47-b5fd-3889431534f8', 0, null, null, true, '2025-08-28 16:38:21.664542+00', '2025-08-28 16:38:21.664542+00');

-- Note: Empty tables (admin_sessions, content_analytics, system_logs) contain no data to backup
